{"ContentRoots":["/home/jd/IOTmem/BlazorApp/wwwroot/","/home/jd/IOTmem/BlazorApp/obj/Release/net8.0/win-x64/scopedcss/bundle/"],"Root":{"Children":{"app.css":{"Children":null,"Asset":{"ContentRootIndex":0,"SubPath":"app.css"},"Patterns":null},"bootstrap":{"Children":{"bootstrap.min.css":{"Children":null,"Asset":{"ContentRootIndex":0,"SubPath":"bootstrap/bootstrap.min.css"},"Patterns":null},"bootstrap.min.css.map":{"Children":null,"Asset":{"ContentRootIndex":0,"SubPath":"bootstrap/bootstrap.min.css.map"},"Patterns":null}},"Asset":null,"Patterns":null},"favicon.png":{"Children":null,"Asset":{"ContentRootIndex":0,"SubPath":"favicon.png"},"Patterns":null},"BlazorApp.styles.css":{"Children":null,"Asset":{"ContentRootIndex":1,"SubPath":"BlazorApp.styles.css"},"Patterns":null}},"Asset":null,"Patterns":[{"ContentRootIndex":0,"Pattern":"**","Depth":0}]}}